"Title","Path","Visits","Visitors"
"2016-09-16","2016-09-16.txt","1","0"
"2016-12-18","2016-12-18.txt","2","0"
"2017-05-17","2017/2017-05-17.txt","1","0"
"关于 Bitcron","bitcron/about.md","1","0"
"2016-03-08","日常/2016-03-08.md","1","0"
"2017-05-14","日常/2017-05-14.md","10","0"
"2017-05-15","日常/2017-05-15.md","3","0"
"2017-05-16","日常/2017-05-16 .md","1","0"
"Electron 学习笔记","笔记/electron 学习笔记.md","4","0"
"JS 映射触摸事件到鼠标事件","笔记/js 映射触摸事件到鼠标事件.md","3","0"
"亚马逊 Echo 构架师分享","笔记/亚马逊 echo 构架师分享.md","6","0"
"死海效应","笔记/死海效应.md","3","0"
"重构--改善既有的代码设计 笔记","笔记/重构--改善既有的代码设计.md","11","0"
"source ~/.bash_profile 报错","编程/2017-02-21.md","1","0"
"Docker 部署应用时搞定 SSL 证书","编程/docker 部署应用时搞定 ssl 证书.md","3","0"
"React Native 学习笔记","编程/react native 学习笔记.md","2","0"
